{
	"format_version": "1.21.11",
	"credit": "Made with Blockbench",
	"texture_size": [64, 64],
	"textures": {
		"0": "block/present",
		"particle": "block/present"
	},
	"elements": [
		{
			"name": "base",
			"from": [2, 0, 2],
			"to": [14, 9, 14],
			"rotation": {"angle": 0, "axis": "y", "origin": [14, 0, 14]},
			"faces": {
				"north": {"uv": [3.5, 6, 6.5, 8.25], "texture": "#0"},
				"east": {"uv": [6.5, 0, 9.5, 2.25], "texture": "#0"},
				"south": {"uv": [6.5, 2.25, 9.5, 4.5], "texture": "#0"},
				"west": {"uv": [6.5, 4.5, 9.5, 6.75], "texture": "#0"},
				"up": {"uv": [6.5, 3, 3.5, 0], "texture": "#0"},
				"down": {"uv": [6.5, 3, 3.5, 6], "texture": "#0"}
			}
		},
		{
			"name": "lid",
			"from": [1, 9, 1],
			"to": [15, 13, 15],
			"rotation": {"angle": 0, "axis": "y", "origin": [14, 9, 14]},
			"faces": {
				"north": {"uv": [6.5, 6.75, 10, 7.75], "texture": "#0"},
				"east": {"uv": [0, 7, 3.5, 8], "texture": "#0"},
				"south": {"uv": [6.5, 7.75, 10, 8.75], "texture": "#0"},
				"west": {"uv": [0, 8, 3.5, 9], "texture": "#0"},
				"up": {"uv": [3.5, 3.5, 0, 0], "texture": "#0"},
				"down": {"uv": [3.5, 3.5, 0, 7], "texture": "#0"}
			}
		}
	]
}